allocator	relative_heap
mesh2y	0.6605739035133938
jemalloc	0.46532446730035615
mesh1y	0.6607425126983792
libc	0.9041140641136426
mesh0n	1.0
mesh0y	0.677361055493498
