allocator	time_seconds
libc	0.9716901169689781
mesh0n	0.9274453297169014
mesh1y	1.1023902356331583
mesh2y	1.1108662485166978
jemalloc	1.0
mesh0y	1.0598406509577898
